AKBNK,Akbank,37.50,12000000
GARAN,Garanti BBVA,54.90,18000000
THYAO,THY,310.70,8500000
ASELS,Aselsan,80.40,9200000
SISE,Sise Cam,51.90,8700000
KCHOL,Koç Holding,146.20,9400000
FROTO,Ford Otosan,1020.10,3200000
KOZAL,Koza Altin,199.80,4600000
YKBNK,Yapi Kredi,27.10,17500000
HALKB,Halkbank,19.85,11500000
EREGL,Eregli Demir Celik,43.70,11200000
BIMAS,Bim Magazalar,224.00,3300000
PGSUS,Pegasus,577.60,2800000
TOASO,Tofas,217.00,3100000
TCELL,Turkcell,65.30,9600000
TUPRS,Tupras,1247.50,2900000
ISCTR,Is Bankasi C,16.20,19800000
PETKM,Petkim,26.40,10500000
VESTL,Vestel,57.60,4400000
ENJSA,Enerjisa,41.80,2500000
HEKTS,Hektaş,28.90,5200000
ARCLK,Arçelik,134.60,6000000
SAHOL,Sabancı Holding,50.20,9900000
OTKAR,Otocar,890.00,1400000
LOGO,Logo Yazılım,85.30,1700000
ALARK,Alarko Holding,120.40,1300000
SASA,Sasa Polyester,44.10,7700000
AYGAZ,Aygaz,43.70,1500000
TRKCM,Trakya Cam,24.60,2100000
OZKGY,Özak GYO,8.94,1750000
TAVHL,TAV Havalimanları,120.70,4400000
ULKER,Ülker,39.40,3900000
ISGYO,İş GYO,18.90,2600000
DOHOL,Doğan Holding,12.20,4100000
TMSN,Tümosan,40.20,700000
KORDS,Kordsa,98.40,1300000
VAKBN,Vakıfbank,14.70,15800000
SELEC,Selçuk Ecza,27.90,2200000
KRVGD,Kervan Gıda,35.60,1200000
ALFAS,Alfa Solar Enerji,91.10,800000
CWENE,CW Enerji,127.50,950000
QUAGR,Quasar GYO,3.88,500000
MGROS,Migros,256.30,1800000
KARSN,Karsan,16.30,2900000
GESAN,Girişim Elektrik,124.80,1100000
YATAS,Yataş,28.90,1000000
BRISA,Brisa,61.10,1500000
BIOEN,Bioenerji,19.40,1200000
POLHO,Polisan Holding,9.20,1700000
INDES,Indeks Bilgisayar,40.90,2100000
KMPUR,Kimpur,50.30,900000
MAVI,Mavi Giyim,113.90,1400000
TTRAK,Türk Traktör,1095.10,500000
BRSAN,Borusan Mannesmann,116.40,600000
OZRDN,Özerden Plastik,23.60,450000
YEOTK,Yeo Teknoloji,152.30,750000
TEKTU,Teknosa,8.40,3000000
KFEIN,Katmerciler,23.10,870000
ANELE,Anel Elektrik,6.30,1900000
ISFIN,İş Finansal Kiralama,17.50,650000
SNGYO,Sinpaş GYO,4.90,2200000
AKSEN,Aksa Enerji,46.20,4900000
VERUS,Verusa Holding,98.10,880000
ASTOR,Astor Enerji,68.40,1050000
ALMAD,Alarko Medikal,6.80,700000
CANTE,Can2 Termik,35.90,1800000
TUPRS,Tupras,1240.70,2950000
ISDMR,Isdemir,30.80,5700000
GUBRF,Gübre Fabrikaları,108.60,2200000
TIRE,Trakya Enerji,13.20,890000
ANELT,Anel Telekom,2.88,930000
KATMR,Katmerciler,12.40,650000
EUHOL,Euro Kapital,3.65,1200000
OZBAL,Özbal Çelik,4.20,1000000
GENTS,Gentaş,3.45,750000
KRONT,Kron Telekom,35.20,920000
SAMAT,Smartiks,5.55,450000
YYLGD,Yayla Gıda,20.10,670000
KONKA,Konya Kağıt,49.90,740000
NTGAZ,Naturelgaz,12.50,580000
KAPLM,Kaplamin Ambalaj,42.30,870000
RAYSG,Ray Sigorta,34.90,970000
TURSG,Turk Sigorta,8.20,1400000
ISBIR,İşbir Holding,99.10,430000
LIDFA,Lider Faktoring,12.30,1100000
MARKA,Marka Yatırım,3.65,600000
YUNSA,Yünsa,47.80,390000
NTHOL,Net Holding,6.60,1250000
KOZAA,Koza Anadolu,31.20,9800000
DERIM,Derimod,10.60,2300000
KLGYO,Kiler GYO,3.95,410000
EGEEN,Ege Endüstri,1590.10,100000
ULUUN,Uluun,17.20,1600000
MERKO,Merko Gıda,3.30,900000
CIMSA,Çimsa,58.10,2000000
