[
  {
    "hisseKodu": "AKBNK",
    "fiyat": 38.5,
    "adet": 100,
    "islem": "ALIS",
    "araciKurum": "XYZ",
    "zaman": "2025-06-26T10:15:00"
  },
  {
    "hisseKodu": "SISE",
    "fiyat": 51.2,
    "adet": 200,
    "islem": "SATIS",
    "araciKurum": "ABC",
    "zaman": "2025-06-26T10:20:00"
  },
  {
    "hisseKodu": "THYAO",
    "fiyat": 312.8,
    "adet": 150,
    "islem": "ALIS",
    "araciKurum": "ISYAT",
    "zaman": "2025-06-26T10:25:00"
  },
  {
    "hisseKodu": "GARAN",
    "fiyat": 43.1,
    "adet": 75,
    "islem": "SATIS",
    "araciKurum": "YAPI",
    "zaman": "2025-06-26T10:30:00"
  },
  {
    "hisseKodu": "FROTO",
    "fiyat": 1125.6,
    "adet": 10,
    "islem": "ALIS",
    "araciKurum": "ODEA",
    "zaman": "2025-06-26T10:35:00"
  },
  {
    "hisseKodu": "ASELS",
    "fiyat": 78.3,
    "adet": 60,
    "islem": "SATIS",
    "araciKurum": "HALK",
    "zaman": "2025-06-26T10:40:00"
  },
  {
    "hisseKodu": "TOASO",
    "fiyat": 115.4,
    "adet": 90,
    "islem": "ALIS",
    "araciKurum": "ZIRA",
    "zaman": "2025-06-26T10:45:00"
  },
  {
    "hisseKodu": "BIMAS",
    "fiyat": 215.0,
    "adet": 130,
    "islem": "SATIS",
    "araciKurum": "TEB",
    "zaman": "2025-06-26T10:50:00"
  },
  {
    "hisseKodu": "TUPRS",
    "fiyat": 520.5,
    "adet": 40,
    "islem": "ALIS",
    "araciKurum": "DENIZ",
    "zaman": "2025-06-26T10:55:00"
  },
  {
    "hisseKodu": "KRDMD",
    "fiyat": 20.9,
    "adet": 1000,
    "islem": "SATIS",
    "araciKurum": "ANADOLU",
    "zaman": "2025-06-26T11:00:00"
  }
]

