kod,ad,fiyat,hacim,sektor
AKBNK,Akbank,37.5,12000000,Banka
SISE,Şişecam,52.3,8700000,Cam Sanayi
FROTO,Ford Otosan,1020.1,3200000,Otomotiv
THYAO,Türk Hava Yolları,310.7,8500000,Ulaşım
ASELS,Aselsan,80.4,9200000,Savunma Sanayi
KCHOL,Koç Holding,146.2,9400000,Holding
KOZAL,Koza Altın,199.8,4600000,Madencilik
YKBNK,Yapı Kredi,27.1,17500000,Banka
HALKB,Halkbank,19.85,11500000,Banka
GARAN,Garanti BBVA,54.9,18000000,Banka
BIMAS,BİM,288.5,6700000,Perakende
SAHOL,Sabancı Holding,75.25,8800000,Holding
VESTL,Vestel,44.2,4100000,Elektronik
TOASO,Tofaş,180.9,2950000,Otomotiv
ENJSA,Enerjisa,48.5,3600000,Enerji
TKFEN,Tekfen,57.1,2100000,İnşaat
PETKM,Petkim,25.3,7300000,Petrokimya
TUPRS,Tüpraş,1000.5,5400000,Enerji
EREGL,Ereğli Demir Çelik,43.2,9700000,Çelik
ISCTR,İş Bankası,19.3,12500000,Banka
HISSE20,Şirket 20,36.0,1200000,Sektör 1
HISSE21,Şirket 21,37.3,1210000,Sektör 2
HISSE22,Şirket 22,38.6,1220000,Sektör 3
HISSE23,Şirket 23,39.9,1230000,Sektör 4
HISSE24,Şirket 24,41.2,1240000,Sektör 5
HISSE25,Şirket 25,42.5,1250000,Sektör 1
HISSE26,Şirket 26,43.8,1260000,Sektör 2
HISSE27,Şirket 27,45.1,1270000,Sektör 3
HISSE28,Şirket 28,46.4,1280000,Sektör 4
HISSE29,Şirket 29,47.7,1290000,Sektör 5
HISSE30,Şirket 30,49.0,1300000,Sektör 1
HISSE31,Şirket 31,50.3,1310000,Sektör 2
HISSE32,Şirket 32,51.6,1320000,Sektör 3
HISSE33,Şirket 33,52.9,1330000,Sektör 4
HISSE34,Şirket 34,54.2,1340000,Sektör 5
HISSE35,Şirket 35,55.5,1350000,Sektör 1
HISSE36,Şirket 36,56.8,1360000,Sektör 2
HISSE37,Şirket 37,58.1,1370000,Sektör 3
HISSE38,Şirket 38,59.4,1380000,Sektör 4
HISSE39,Şirket 39,60.7,1390000,Sektör 5
HISSE40,Şirket 40,62.0,1400000,Sektör 1
HISSE41,Şirket 41,63.3,1410000,Sektör 2
HISSE42,Şirket 42,64.6,1420000,Sektör 3
HISSE43,Şirket 43,65.9,1430000,Sektör 4
HISSE44,Şirket 44,67.2,1440000,Sektör 5
HISSE45,Şirket 45,68.5,1450000,Sektör 1
HISSE46,Şirket 46,69.8,1460000,Sektör 2
HISSE47,Şirket 47,71.1,1470000,Sektör 3
HISSE48,Şirket 48,72.4,1480000,Sektör 4
HISSE49,Şirket 49,73.7,1490000,Sektör 5
HISSE50,Şirket 50,75.0,1500000,Sektör 1
HISSE51,Şirket 51,76.3,1510000,Sektör 2
HISSE52,Şirket 52,77.6,1520000,Sektör 3
HISSE53,Şirket 53,78.9,1530000,Sektör 4
HISSE54,Şirket 54,80.2,1540000,Sektör 5
HISSE55,Şirket 55,81.5,1550000,Sektör 1
HISSE56,Şirket 56,82.8,1560000,Sektör 2
HISSE57,Şirket 57,84.1,1570000,Sektör 3
HISSE58,Şirket 58,85.4,1580000,Sektör 4
HISSE59,Şirket 59,86.7,1590000,Sektör 5
HISSE60,Şirket 60,88.0,1600000,Sektör 1
HISSE61,Şirket 61,89.3,1610000,Sektör 2
HISSE62,Şirket 62,90.6,1620000,Sektör 3
HISSE63,Şirket 63,91.9,1630000,Sektör 4
HISSE64,Şirket 64,93.2,1640000,Sektör 5
HISSE65,Şirket 65,94.5,1650000,Sektör 1
HISSE66,Şirket 66,95.8,1660000,Sektör 2
HISSE67,Şirket 67,97.1,1670000,Sektör 3
HISSE68,Şirket 68,98.4,1680000,Sektör 4
HISSE69,Şirket 69,99.7,1690000,Sektör 5
HISSE70,Şirket 70,101.0,1700000,Sektör 1
HISSE71,Şirket 71,102.3,1710000,Sektör 2
HISSE72,Şirket 72,103.6,1720000,Sektör 3
HISSE73,Şirket 73,104.9,1730000,Sektör 4
HISSE74,Şirket 74,106.2,1740000,Sektör 5
HISSE75,Şirket 75,107.5,1750000,Sektör 1
HISSE76,Şirket 76,108.8,1760000,Sektör 2
HISSE77,Şirket 77,110.1,1770000,Sektör 3
HISSE78,Şirket 78,111.4,1780000,Sektör 4
HISSE79,Şirket 79,112.7,1790000,Sektör 5
HISSE80,Şirket 80,114.0,1800000,Sektör 1
HISSE81,Şirket 81,115.3,1810000,Sektör 2
HISSE82,Şirket 82,116.6,1820000,Sektör 3
HISSE83,Şirket 83,117.9,1830000,Sektör 4
HISSE84,Şirket 84,119.2,1840000,Sektör 5
HISSE85,Şirket 85,120.5,1850000,Sektör 1
HISSE86,Şirket 86,121.8,1860000,Sektör 2
HISSE87,Şirket 87,123.1,1870000,Sektör 3
HISSE88,Şirket 88,124.4,1880000,Sektör 4
HISSE89,Şirket 89,125.7,1890000,Sektör 5
HISSE90,Şirket 90,127.0,1900000,Sektör 1
HISSE91,Şirket 91,128.3,1910000,Sektör 2
HISSE92,Şirket 92,129.6,1920000,Sektör 3
HISSE93,Şirket 93,130.9,1930000,Sektör 4
HISSE94,Şirket 94,132.2,1940000,Sektör 5
HISSE95,Şirket 95,133.5,1950000,Sektör 1
HISSE96,Şirket 96,134.8,1960000,Sektör 2
HISSE97,Şirket 97,136.1,1970000,Sektör 3
HISSE98,Şirket 98,137.4,1980000,Sektör 4
HISSE99,Şirket 99,138.7,1990000,Sektör 5
